Phase,Module,Task Number,Task Description,Status,Hours Estimated,Notes
Phase 1: Setup,Requirements & Planning,1,Idea analysis and conceptualization,Complete,2,Initial project concept
Phase 1: Setup,Requirements & Planning,2,Requirement gathering (Must/Should/Nice to Have),Complete,3,33 user stories documented
Phase 1: Setup,Requirements & Planning,3,Database schema design,Complete,4,10 tables designed
Phase 1: Setup,Requirements & Planning,4,UI/UX planning (Figma design review),Complete,2,Figma mockups reviewed
Phase 1: Setup,Requirements & Planning,5,Tech stack finalization,Complete,1,Spring Boot + Angular + MySQL
Phase 1: Setup,Backend Setup,6,Initial Spring Boot project setup (Maven),Complete,2,POM configuration
Phase 1: Setup,Backend Setup,7,Database configuration (MySQL with XAMPP),Complete,2,Local MySQL setup
Phase 1: Setup,Backend Setup,8,Application properties configuration,Complete,1,DB connection & ports
Phase 1: Setup,Backend Setup,9,Project folder structure setup,Complete,1,Package organization
Phase 1: Setup,Backend Setup,10,Database connection testing,Complete,1,Connection verified
Phase 1: Setup,Frontend Setup,11,Initial Angular project setup (Angular CLI),Complete,2,Angular v20.3.5
Phase 1: Setup,Frontend Setup,12,Environment configuration (dev/prod),Complete,1,environment.ts files
Phase 1: Setup,Frontend Setup,13,Routing setup,Complete,2,app.routes.ts
Phase 1: Setup,Frontend Setup,14,Shared module structure,Complete,1,Shared components/services
Phase 1: Setup,Frontend Setup,15,Proxy configuration for API calls,Complete,1,proxy.conf.json
Phase 1: Setup,Integration Testing,16,Frontend-backend connection verification,Complete,2,CORS testing
Phase 1: Setup,Integration Testing,17,CORS configuration,Complete,1,Cross-origin setup
Phase 1: Setup,Integration Testing,18,Demo CRUD operations,Complete,3,Understanding the setup
Phase 1: Setup,Integration Testing,19,API endpoint testing,Complete,1,Postman/Browser testing
Phase 2: Authentication,Security Infrastructure,20,Spring Security configuration,Complete,3,SecurityConfig.java
Phase 2: Authentication,Security Infrastructure,21,JWT authentication implementation,Complete,4,JwtService.java
Phase 2: Authentication,Security Infrastructure,22,CSRF protection setup,Complete,2,Cookie-based CSRF
Phase 2: Authentication,Security Infrastructure,23,Password encryption (BCrypt),Complete,1,BCryptPasswordEncoder
Phase 2: Authentication,Security Infrastructure,24,Role-based access control,Complete,3,hasRole() configuration
Phase 2: Authentication,User Registration,25,User model and repository,Complete,2,User.java entity
Phase 2: Authentication,User Registration,26,Role model and repository,Complete,1,Role.java entity
Phase 2: Authentication,User Registration,27,Customer registration (backend API),Complete,3,POST /api/auth/register
Phase 2: Authentication,User Registration,28,Customer registration (frontend component),Complete,3,RegisterComponent
Phase 2: Authentication,User Registration,29,Provider registration (backend API),Complete,2,POST /api/auth/register-provider
Phase 2: Authentication,User Registration,30,Provider registration (frontend component),Complete,3,RegisterProviderComponent
Phase 2: Authentication,User Registration,31,Admin auto-creation on startup,Complete,2,AdminInitializer
Phase 2: Authentication,Login System,32,Login controller and service,Complete,3,AuthService.java
Phase 2: Authentication,Login System,33,JWT token generation,Complete,2,Token with role claims
Phase 2: Authentication,Login System,34,Cookie-based authentication,Complete,2,HttpOnly cookies
Phase 2: Authentication,Login System,35,Customer login component,Complete,2,LoginComponent
Phase 2: Authentication,Login System,36,Provider login component,Complete,1,Same LoginComponent
Phase 2: Authentication,Login System,37,Admin login component,Complete,2,AdminLoginComponent
Phase 2: Authentication,Login System,38,Smart redirect based on role,Complete,3,SmartRedirectComponent
Phase 2: Authentication,Login System,39,Auth guard implementation,Complete,2,authGuard function
Phase 2: Authentication,Login System,40,Logout functionality,Complete,1,Clear cookies & redirect
Phase 2: Authentication,Password Management,41,Forgot password flow (backend),Complete,3,Token-based reset
Phase 2: Authentication,Password Management,42,Password reset with email tokens,Complete,2,JWT token in email
Phase 2: Authentication,Password Management,43,Password reset request component,Complete,3,PasswordResetComponent
Phase 2: Authentication,Password Management,44,Password reset form component,Complete,3,ResetPasswordFormComponent
Phase 2: Authentication,Password Management,45,Email integration for password reset,Complete,2,SendGrid emails
Phase 3: Admin Panel,Admin Dashboard,46,Admin dashboard component,Complete,3,Dashboard with stats
Phase 3: Admin Panel,Admin Dashboard,47,Dashboard statistics cards,Complete,2,Users/Bookings/Revenue
Phase 3: Admin Panel,Admin Dashboard,48,Recent activity feed,Complete,2,Recent bookings/reviews
Phase 3: Admin Panel,Admin Dashboard,49,Quick action links,Complete,1,Card navigation
Phase 3: Admin Panel,Admin Dashboard,50,Admin navbar,Complete,2,Navbar component
Phase 3: Admin Panel,Service Category Management,51,Service category model and repository,Complete,1,Category entity
Phase 3: Admin Panel,Service Category Management,52,Category CRUD backend APIs,Complete,3,Category controller
Phase 3: Admin Panel,Service Category Management,53,Service categories component,Complete,3,Frontend CRUD
Phase 3: Admin Panel,Service Category Management,54,Add/edit/delete category functionality,Complete,2,Form + validation
Phase 3: Admin Panel,Service Category Management,55,Category listing with search,Complete,1,Search filter
Phase 3: Admin Panel,Provider Management,56,Admin provider controller,Complete,2,AdminProviderController
Phase 3: Admin Panel,Provider Management,57,Provider creation by admin,Complete,3,Create provider form
Phase 3: Admin Panel,Provider Management,58,Provider listing and search,Complete,2,Provider table
Phase 3: Admin Panel,Provider Management,59,Provider edit/delete functionality,Complete,2,CRUD operations
Phase 3: Admin Panel,Provider Management,60,Role assignment handling,Complete,2,Role ID assignment
Phase 3: Admin Panel,User Management,61,Admin user service,Complete,2,AdminUserService
Phase 3: Admin Panel,User Management,62,User listing (all roles),Complete,2,GET /api/admin/users
Phase 3: Admin Panel,User Management,63,User search and filtering,Complete,2,Search functionality
Phase 3: Admin Panel,User Management,64,User activation/deactivation,Complete,1,isActive toggle
Phase 3: Admin Panel,User Management,65,User CRUD operations,Complete,3,Full CRUD
Phase 3: Admin Panel,System Reports,66,Admin report service,Complete,4,AdminReportService
Phase 3: Admin Panel,System Reports,67,Dashboard statistics API,Complete,2,GET /api/admin/reports/dashboard
Phase 3: Admin Panel,System Reports,68,User growth reports,Complete,2,User analytics
Phase 3: Admin Panel,System Reports,69,Booking trend reports,Complete,2,Booking analytics
Phase 3: Admin Panel,System Reports,70,Revenue reports,Complete,2,Payment analytics
Phase 3: Admin Panel,System Reports,71,Provider performance reports,Complete,2,Top providers
Phase 3: Admin Panel,System Reports,72,CSV export functionality,Complete,4,4 export types
Phase 3: Admin Panel,Database Tools,73,Database manager component,Complete,3,Table viewer
Phase 3: Admin Panel,Database Tools,74,Table viewing functionality,Complete,2,View all tables
Phase 3: Admin Panel,Database Tools,75,Data cleanup tools,Complete,2,Cleanup utilities
Phase 3: Admin Panel,Database Tools,76,Permanent cleanup component,Complete,2,Delete operations
Phase 4: Provider Panel,Provider Dashboard,77,Provider dashboard component,Complete,2,Dashboard with cards
Phase 4: Provider Panel,Provider Dashboard,78,Dashboard card grid layout,Complete,2,7 cards
Phase 4: Provider Panel,Provider Dashboard,79,Provider navbar component,Complete,3,Compact responsive navbar
Phase 4: Provider Panel,Provider Dashboard,80,Provider routing setup,Complete,2,8 routes
Phase 4: Provider Panel,Resource Management,81,Resource model and repository,Complete,2,Resource entity
Phase 4: Provider Panel,Resource Management,82,Resource CRUD backend APIs,Complete,4,ResourceController
Phase 4: Provider Panel,Resource Management,83,Resources list component,Complete,3,Resource cards
Phase 4: Provider Panel,Resource Management,84,Add resource form,Complete,3,Reactive form
Phase 4: Provider Panel,Resource Management,85,Edit resource functionality,Complete,2,Edit modal
Phase 4: Provider Panel,Resource Management,86,Delete resource with validation,Complete,2,Confirm delete
Phase 4: Provider Panel,Resource Management,87,Resource image upload,Complete,2,Image handling
Phase 4: Provider Panel,Availability Management,88,Availability slot model and repository,Complete,2,AvailabilitySlot entity
Phase 4: Provider Panel,Availability Management,89,Availability slot CRUD APIs,Complete,4,Slot endpoints
Phase 4: Provider Panel,Availability Management,90,Resource availability modal component,Complete,4,Modal UI
Phase 4: Provider Panel,Availability Management,91,Add availability slots (date/time),Complete,3,Date/time pickers
Phase 4: Provider Panel,Availability Management,92,Edit availability slots,Complete,2,Edit functionality
Phase 4: Provider Panel,Availability Management,93,Delete availability slots,Complete,1,Delete confirmation
Phase 4: Provider Panel,Availability Management,94,Availability calendar view,Complete,3,Calendar integration
Phase 4: Provider Panel,Booking Management,95,Provider bookings component,Complete,3,Bookings table
Phase 4: Provider Panel,Booking Management,96,View all bookings for resources,Complete,2,GET /api/bookings/provider/me
Phase 4: Provider Panel,Booking Management,97,Edit booking (status/time) with modal,Complete,4,Edit modal form
Phase 4: Provider Panel,Booking Management,98,Cancel/delete bookings,Complete,2,DELETE endpoint
Phase 4: Provider Panel,Booking Management,99,Booking status indicators,Complete,1,Status badges
Phase 4: Provider Panel,Booking Management,100,Refresh bookings functionality,Complete,1,Reload button
Phase 4: Provider Panel,Review Management,101,Provider reviews component,Complete,2,Reviews table
Phase 4: Provider Panel,Review Management,102,View all reviews for resources,Complete,2,GET /api/reviews/provider/me
Phase 4: Provider Panel,Review Management,103,Review rating display,Complete,1,Star ratings
Phase 4: Provider Panel,Review Management,104,Delete review functionality,Complete,1,Delete option
Phase 4: Provider Panel,Profile Management,105,Provider profile component,Complete,3,Profile form
Phase 4: Provider Panel,Profile Management,106,Update profile (name/email/org),Complete,2,PUT /api/provider/profile
Phase 4: Provider Panel,Profile Management,107,Profile picture upload,Complete,4,MultipartFile upload
Phase 4: Provider Panel,Profile Management,108,Image storage configuration,Complete,2,uploads/ folder
Phase 4: Provider Panel,Profile Management,109,Image serving via static resources,Complete,2,WebConfig.java
Phase 4: Provider Panel,Calendar Integration,110,Google Calendar OAuth configuration,Complete,3,OAuth credentials
Phase 4: Provider Panel,Calendar Integration,111,Google Calendar sync component,Complete,4,Calendar UI
Phase 4: Provider Panel,Calendar Integration,112,OAuth flow implementation,Complete,5,Authorization code flow
Phase 4: Provider Panel,Calendar Integration,113,Token storage (CalendarToken),Complete,2,Token entity
Phase 4: Provider Panel,Calendar Integration,114,Calendar connection status,Complete,2,Connection check
Phase 4: Provider Panel,Calendar Integration,115,Auto booking sync to Google Calendar,Complete,4,Event creation
Phase 4: Provider Panel,Calendar Integration,116,Disconnect calendar functionality,Complete,2,Remove tokens
Phase 4: Provider Panel,Unavailable Dates,117,Unavailable date model and repository,Complete,2,UnavailableDate entity
Phase 4: Provider Panel,Unavailable Dates,118,Unavailable dates component,Complete,3,Date management UI
Phase 4: Provider Panel,Unavailable Dates,119,Add unavailable period (dates/reason),Complete,3,Add form
Phase 4: Provider Panel,Unavailable Dates,120,View all unavailable periods,Complete,1,List display
Phase 4: Provider Panel,Unavailable Dates,121,Delete unavailable periods,Complete,1,Delete button
Phase 4: Provider Panel,Unavailable Dates,122,Date conflict checking,Complete,2,Overlap detection
Phase 4: Provider Panel,Provider Analytics,123,Provider analytics service (backend),Complete,4,ProviderAnalyticsService
Phase 4: Provider Panel,Provider Analytics,124,Analytics API endpoint,Complete,2,GET /api/provider/analytics
Phase 4: Provider Panel,Provider Analytics,125,Analytics component (frontend),Complete,4,Charts & stats UI
Phase 4: Provider Panel,Provider Analytics,126,Key metrics display,Complete,2,4 metric cards
Phase 4: Provider Panel,Provider Analytics,127,Booking trends chart (7-day),Complete,3,Bar chart
Phase 4: Provider Panel,Provider Analytics,128,Revenue trends chart (7-day),Complete,2,Revenue chart
Phase 4: Provider Panel,Provider Analytics,129,Top 5 resources display,Complete,2,Ranked list
Phase 4: Provider Panel,Provider Analytics,130,Recent bookings list,Complete,1,Last 5 bookings
Phase 4: Provider Panel,Provider Analytics,131,Period selector (7/30/90/365 days),Complete,1,Dropdown filter
Phase 5: Customer Panel,Customer Dashboard,132,Customer home component,Complete,3,Home page
Phase 5: Customer Panel,Customer Dashboard,133,Resource card component,Complete,4,Card design
Phase 5: Customer Panel,Customer Dashboard,134,Resource grid layout,Complete,2,Responsive grid
Phase 5: Customer Panel,Customer Dashboard,135,Search functionality (name/tag/specialization),Complete,3,Text search
Phase 5: Customer Panel,Customer Dashboard,136,Advanced filters (price range),Complete,3,Min/max price
Phase 5: Customer Panel,Customer Dashboard,137,Advanced filters (minimum rating),Complete,2,Rating dropdown
Phase 5: Customer Panel,Customer Dashboard,138,Filter panel with toggle,Complete,2,Collapsible panel
Phase 5: Customer Panel,Customer Dashboard,139,No results handling,Complete,1,Empty state UI
Phase 5: Customer Panel,Booking Flow,140,Booking modal component,Complete,4,Modal dialog
Phase 5: Customer Panel,Booking Flow,141,Slot selection interface,Complete,4,Multi-slot picker
Phase 5: Customer Panel,Booking Flow,142,Multi-slot booking support,Complete,3,Array handling
Phase 5: Customer Panel,Booking Flow,143,Booking form component,Complete,4,Customer details form
Phase 5: Customer Panel,Booking Flow,144,Customer information auto-fill,Complete,2,Pre-populate fields
Phase 5: Customer Panel,Booking Flow,145,Booking confirmation,Complete,2,POST /api/bookings
Phase 5: Customer Panel,Booking Flow,146,Payment integration (Stripe demo),Complete,5,Payment intent
Phase 5: Customer Panel,Booking Flow,147,Double-booking prevention,Complete,3,Overlap query
Phase 5: Customer Panel,Customer Bookings,148,Customer bookings component,Complete,3,Bookings table
Phase 5: Customer Panel,Customer Bookings,149,View all bookings,Complete,2,GET /api/bookings/customer/{id}
Phase 5: Customer Panel,Customer Bookings,150,Booking status display,Complete,1,Status badges
Phase 5: Customer Panel,Customer Bookings,151,Cancel booking functionality,Complete,2,PUT /api/bookings/{id}/cancel
Phase 5: Customer Panel,Customer Bookings,152,Past bookings indication,Complete,1,Gray out past
Phase 5: Customer Panel,Review System,153,Review model and repository,Complete,2,Review entity
Phase 5: Customer Panel,Review System,154,Review service (backend),Complete,3,ReviewService
Phase 5: Customer Panel,Review System,155,Add review from resource card,Complete,3,Review modal
Phase 5: Customer Panel,Review System,156,View reviews modal,Complete,2,Display reviews
Phase 5: Customer Panel,Review System,157,Star rating display,Complete,2,1-5 stars UI
Phase 5: Customer Panel,Review System,158,Average rating calculation,Complete,2,Aggregate query
Phase 5: Customer Panel,Review System,159,My reviews component,Complete,3,Customer reviews page
Phase 5: Customer Panel,Review System,160,Edit/delete own reviews,Complete,2,Review management
Phase 5: Customer Panel,Customer Profile,161,Customer profile component,Complete,3,Profile form
Phase 5: Customer Panel,Customer Profile,162,View profile information,Complete,1,GET profile
Phase 5: Customer Panel,Customer Profile,163,Edit profile (name/email only),Complete,2,PUT /api/customers/profile
Phase 5: Customer Panel,Customer Profile,164,Password field removed,Complete,1,Security enhancement
Phase 5: Customer Panel,Customer Profile,165,Profile update API,Complete,2,Customer controller
Phase 5: Customer Panel,Customer Calendar Sync,166,Customer calendar sync component,Complete,3,Calendar UI
Phase 5: Customer Panel,Customer Calendar Sync,167,Google Calendar integration,Complete,4,OAuth for customers
Phase 5: Customer Panel,Customer Calendar Sync,168,OAuth flow for customers,Complete,3,Authorization
Phase 5: Customer Panel,Customer Calendar Sync,169,Sync bookings to personal calendar,Complete,3,Event sync
Phase 6: Email & Notifications,Email Service Setup,170,SendGrid integration,Complete,3,SendGrid SDK
Phase 6: Email & Notifications,Email Service Setup,171,Email service configuration,Complete,2,API key setup
Phase 6: Email & Notifications,Email Service Setup,172,HTML email template design,Complete,4,4 templates
Phase 6: Email & Notifications,Email Service Setup,173,Sender verification,Complete,1,SendGrid sender auth
Phase 6: Email & Notifications,Email Notifications,174,Welcome email on registration,Complete,2,Registration email
Phase 6: Email & Notifications,Email Notifications,175,Booking confirmation email,Complete,3,Booking details email
Phase 6: Email & Notifications,Email Notifications,176,Password reset email,Complete,2,Reset link email
Phase 6: Email & Notifications,Email Notifications,177,24-hour appointment reminder email,Complete,4,Scheduled reminders
Phase 6: Email & Notifications,Email Notifications,178,Email scheduling service (@Scheduled),Complete,3,Cron job setup
Phase 6: Email & Notifications,SMS Notifications,179,SMS reminder controller,Complete,2,SmsReminderController
Phase 6: Email & Notifications,SMS Notifications,180,Textbelt API integration,Complete,2,SMS service
Phase 6: Email & Notifications,SMS Notifications,181,SMS reminder logging,Complete,1,Console logs
Phase 7: Payment,Payment Models,182,Payment model and repository,Complete,2,Payment entity
Phase 7: Payment,Payment Models,183,Payment status tracking,Complete,1,Status field
Phase 7: Payment,Payment Models,184,Transaction ID storage,Complete,1,Transaction field
Phase 7: Payment,Stripe Integration,185,Stripe SDK setup,Complete,2,Maven dependency
Phase 7: Payment,Stripe Integration,186,Payment intent creation,Complete,3,PaymentIntent API
Phase 7: Payment,Stripe Integration,187,Payment service implementation,Complete,3,PaymentService
Phase 7: Payment,Stripe Integration,188,Payment controller,Complete,2,PaymentController
Phase 7: Payment,Stripe Integration,189,Frontend payment component,Complete,4,Payment UI
Phase 7: Payment,Stripe Integration,190,Demo mode configuration,Complete,1,Test mode
Phase 7: Payment,Stripe Integration,191,Production API key configuration,Pending,1,Needs real key
Phase 8: Advanced Features,System Security,192,Role-based authorization,Complete,3,@PreAuthorize
Phase 8: Advanced Features,System Security,193,CSRF token handling,Complete,3,Token interceptor
Phase 8: Advanced Features,System Security,194,API endpoint security,Complete,2,SecurityConfig rules
Phase 8: Advanced Features,System Security,195,Auth interceptor (frontend),Complete,3,HTTP interceptor
Phase 8: Advanced Features,System Security,196,Secure password reset flow,Complete,2,Token validation
Phase 8: Advanced Features,Data Management,197,Repository queries optimization,Complete,2,Custom queries
Phase 8: Advanced Features,Data Management,198,Overlapping booking prevention,Complete,3,findOverlappingBookings
Phase 8: Advanced Features,Data Management,199,Date conflict checking,Complete,2,Conflict detection
Phase 8: Advanced Features,Data Management,200,Cascading deletes handling,Complete,2,Delete validation
Phase 8: Advanced Features,Error Handling,201,Global error handling,Complete,2,Error interceptor
Phase 8: Advanced Features,Error Handling,202,User-friendly error messages,Complete,2,Custom messages
Phase 8: Advanced Features,Error Handling,203,Loading states,Complete,2,Loading spinners
Phase 8: Advanced Features,Error Handling,204,Success/error notifications,Complete,2,Toast messages
Phase 8: Advanced Features,Error Handling,205,Form validation,Complete,3,Reactive validation
Phase 9: UI/UX Polish,Design Improvements,206,Consistent color scheme (teal/green),Complete,2,Theme colors
Phase 9: UI/UX Polish,Design Improvements,207,Modern gradient backgrounds,Complete,2,CSS gradients
Phase 9: UI/UX Polish,Design Improvements,208,Smooth animations and transitions,Complete,3,CSS animations
Phase 9: UI/UX Polish,Design Improvements,209,Hover effects on buttons/cards,Complete,2,Hover states
Phase 9: UI/UX Polish,Design Improvements,210,Shadow and depth improvements,Complete,1,Box shadows
Phase 9: UI/UX Polish,Navigation Enhancements,211,Removed redundant breadcrumbs,Complete,1,Cleanup
Phase 9: UI/UX Polish,Navigation Enhancements,212,Compact navbar with icon+label,Complete,3,Navbar redesign
Phase 9: UI/UX Polish,Navigation Enhancements,213,Sticky navbar positioning,Complete,1,Position sticky
Phase 9: UI/UX Polish,Navigation Enhancements,214,Active link highlighting,Complete,1,routerLinkActive
Phase 9: UI/UX Polish,Navigation Enhancements,215,Improved button styling,Complete,2,Consistent buttons
Phase 9: UI/UX Polish,Mobile Responsiveness,216,Desktop layout (1200px+),Complete,2,Large screens
Phase 9: UI/UX Polish,Mobile Responsiveness,217,Tablet optimization (768-1199px),Complete,3,Medium screens
Phase 9: UI/UX Polish,Mobile Responsiveness,218,Mobile layout (481-767px),Complete,3,Small screens
Phase 9: UI/UX Polish,Mobile Responsiveness,219,Small screen (â‰¤480px icons only),Complete,2,Tiny screens
Phase 9: UI/UX Polish,Mobile Responsiveness,220,Touch-friendly UI elements,Complete,2,Larger touch targets
Phase 9: UI/UX Polish,Mobile Responsiveness,221,Responsive grid layouts,Complete,2,Flexible grids
Phase 9: UI/UX Polish,Mobile Responsiveness,222,Mobile-first CSS approach,Complete,2,Media queries
Phase 9: UI/UX Polish,Component Polish,223,Loading spinners,Complete,1,Spinner animations
Phase 9: UI/UX Polish,Component Polish,224,Empty state messages,Complete,1,No data UI
Phase 9: UI/UX Polish,Component Polish,225,Success/error toasts,Complete,2,Notification system
Phase 9: UI/UX Polish,Component Polish,226,Modal dialogs,Complete,2,Overlay modals
Phase 9: UI/UX Polish,Component Polish,227,Form validation feedback,Complete,2,Error messages
Phase 9: UI/UX Polish,Component Polish,228,Disabled button states,Complete,1,Disabled styling
Phase 10: Testing & Fixes,Database Issues,229,MySQL communications link failure fix,Complete,2,Port conflicts
Phase 10: Testing & Fixes,Database Issues,230,Corrupted table repair,Complete,3,mysqlcheck --repair
Phase 10: Testing & Fixes,Database Issues,231,Port 3306 conflict resolution,Complete,2,Process cleanup
Phase 10: Testing & Fixes,Database Issues,232,Connection pool configuration,Complete,1,HikariCP
Phase 10: Testing & Fixes,CORS & Security,233,CORS preflight handling,Complete,2,OPTIONS requests
Phase 10: Testing & Fixes,CORS & Security,234,OPTIONS request configuration,Complete,1,SecurityConfig
Phase 10: Testing & Fixes,CORS & Security,235,CSRF token issues resolution,Complete,3,Cookie handling
Phase 10: Testing & Fixes,CORS & Security,236,Cookie-based auth debugging,Complete,2,withCredentials
Phase 10: Testing & Fixes,CORS & Security,237,JWT token in cookies,Complete,2,HttpOnly cookies
Phase 10: Testing & Fixes,CORS & Security,238,CSRF ignore endpoints,Complete,2,Endpoint list
Phase 10: Testing & Fixes,CORS & Security,239,Public access to static resources,Complete,1,/uploads/** permit
Phase 10: Testing & Fixes,CORS & Security,240,Role-based endpoint security,Complete,2,hasRole checks
Phase 10: Testing & Fixes,Compilation Errors,241,Optional<User> handling,Complete,2,orElse(null)
Phase 10: Testing & Fixes,Compilation Errors,242,LocalDateTime comparison fixes,Complete,3,Date comparisons
Phase 10: Testing & Fixes,Compilation Errors,243,Missing import statements,Complete,1,Import additions
Phase 10: Testing & Fixes,Compilation Errors,244,Environment files creation,Complete,1,environment.ts
Phase 10: Testing & Fixes,Compilation Errors,245,RouterModule configuration,Complete,1,Module imports
Phase 10: Testing & Fixes,Compilation Errors,246,CSV date filtering issues,Complete,2,Date logic fixes
Phase 10: Testing & Fixes,Frontend Issues,247,RouterModule imports,Complete,1,Component imports
Phase 10: Testing & Fixes,Frontend Issues,248,Component standalone configuration,Complete,2,Standalone: true
Phase 10: Testing & Fixes,Frontend Issues,249,Reactive forms setup,Complete,2,FormBuilder
Phase 10: Testing & Fixes,Frontend Issues,250,HttpClient withCredentials config,Complete,1,Cookie sending

